parameterId	parameterName	parameterScale	lowerBound	upperBound	nominalValue	estimate
beta_1	beta_1	lin	1e-06	100.0	1.0	1
beta_2	beta_2	lin	1e-06	100.0	1.0	1
beta_3	beta_3	lin	1e-06	100.0	1.0	1
beta_4	beta_4	lin	1e-06	100.0	1.0	1
beta_5	beta_5	lin	1e-06	100.0	1.0	1
beta_6	beta_6	lin	1e-06	100.0	1.0	1
beta_7	beta_7	lin	1e-06	100.0	1.0	1
beta_8	beta_8	lin	1e-06	100.0	1.0	1
beta_9	beta_9	lin	1e-06	100.0	1.0	1
beta_10	beta_10	lin	1e-06	100.0	1.0	1
beta_11	beta_11	lin	1e-06	100.0	1.0	1
beta_12	beta_12	lin	1e-06	100.0	1.0	1
beta_13	beta_13	lin	1e-06	100.0	1.0	1
beta_14	beta_14	lin	1e-06	100.0	1.0	1
beta_15	beta_15	lin	1e-06	100.0	1.0	1
beta_16	beta_16	lin	1e-06	100.0	1.0	1
beta_17	beta_17	lin	1e-06	100.0	1.0	1
beta_18	beta_18	lin	1e-06	100.0	1.0	1
beta_19	beta_19	lin	1e-06	100.0	1.0	1
beta_20	beta_20	lin	1e-06	100.0	1.0	1
beta_21	beta_21	lin	1e-06	100.0	1.0	1
beta_22	beta_22	lin	1e-06	100.0	1.0	1
beta_23	beta_23	lin	1e-06	100.0	1.0	1
beta_24	beta_24	lin	1e-06	100.0	1.0	1
beta_25	beta_25	lin	1e-06	100.0	1.0	1
beta_26	beta_26	lin	1e-06	100.0	1.0	1
beta_27	beta_27	lin	1e-06	100.0	1.0	1
beta_28	beta_28	lin	1e-06	100.0	1.0	1
beta_29	beta_29	lin	1e-06	100.0	1.0	1
beta_30	beta_30	lin	1e-06	100.0	1.0	1
beta_31	beta_31	lin	1e-06	100.0	1.0	1
beta_32	beta_32	lin	1e-06	100.0	1.0	1
beta_33	beta_33	lin	1e-06	100.0	1.0	1
beta_34	beta_34	lin	1e-06	100.0	1.0	1
beta_35	beta_35	lin	1e-06	100.0	1.0	1
beta_36	beta_36	lin	1e-06	100.0	1.0	1
beta_37	beta_37	lin	1e-06	100.0	1.0	1
beta_38	beta_38	lin	1e-06	100.0	1.0	1
beta_39	beta_39	lin	1e-06	100.0	1.0	1
beta_40	beta_40	lin	1e-06	100.0	1.0	1
beta_41	beta_41	lin	1e-06	100.0	1.0	1
beta_42	beta_42	lin	1e-06	100.0	1.0	1
beta_43	beta_43	lin	1e-06	100.0	1.0	1
beta_44	beta_44	lin	1e-06	100.0	1.0	1
beta_45	beta_45	lin	1e-06	100.0	1.0	1
beta_46	beta_46	lin	1e-06	100.0	1.0	1
beta_47	beta_47	lin	1e-06	100.0	1.0	1
beta_48	beta_48	lin	1e-06	100.0	1.0	1
beta_49	beta_49	lin	1e-06	100.0	1.0	1
beta_50	beta_50	lin	1e-06	100.0	1.0	1
beta_51	beta_51	lin	1e-06	100.0	1.0	1
beta_52	beta_52	lin	1e-06	100.0	1.0	1
beta_53	beta_53	lin	1e-06	100.0	1.0	1
beta_54	beta_54	lin	1e-06	100.0	1.0	1
beta_55	beta_55	lin	1e-06	100.0	1.0	1
beta_56	beta_56	lin	1e-06	100.0	1.0	1
beta_57	beta_57	lin	1e-06	100.0	1.0	1
beta_58	beta_58	lin	1e-06	100.0	1.0	1
beta_59	beta_59	lin	1e-06	100.0	1.0	1
beta_60	beta_60	lin	1e-06	100.0	1.0	1
beta_61	beta_61	lin	1e-06	100.0	1.0	1
beta_62	beta_62	lin	1e-06	100.0	1.0	1
beta_63	beta_63	lin	1e-06	100.0	1.0	1
beta_64	beta_64	lin	1e-06	100.0	1.0	1
beta_65	beta_65	lin	1e-06	100.0	1.0	1
beta_66	beta_66	lin	1e-06	100.0	1.0	1
beta_67	beta_67	lin	1e-06	100.0	1.0	1
beta_68	beta_68	lin	1e-06	100.0	1.0	1
beta_69	beta_69	lin	1e-06	100.0	1.0	1
beta_70	beta_70	lin	1e-06	100.0	1.0	1
beta_71	beta_71	lin	1e-06	100.0	1.0	1
beta_72	beta_72	lin	1e-06	100.0	1.0	1
beta_73	beta_73	lin	1e-06	100.0	1.0	1
beta_74	beta_74	lin	1e-06	100.0	1.0	1
beta_75	beta_75	lin	1e-06	100.0	1.0	1
beta_76	beta_76	lin	1e-06	100.0	1.0	1
beta_77	beta_77	lin	1e-06	100.0	1.0	1
beta_78	beta_78	lin	1e-06	100.0	1.0	1
beta_79	beta_79	lin	1e-06	100.0	1.0	1
beta_80	beta_80	lin	1e-06	100.0	1.0	1
beta_81	beta_81	lin	1e-06	100.0	1.0	1
beta_82	beta_82	lin	1e-06	100.0	1.0	1
beta_83	beta_83	lin	1e-06	100.0	1.0	1
beta_84	beta_84	lin	1e-06	100.0	1.0	1
beta_85	beta_85	lin	1e-06	100.0	1.0	1
beta_86	beta_86	lin	1e-06	100.0	1.0	1
beta_87	beta_87	lin	1e-06	100.0	1.0	1
beta_88	beta_88	lin	1e-06	100.0	1.0	1
beta_89	beta_89	lin	1e-06	100.0	1.0	1
beta_90	beta_90	lin	1e-06	100.0	1.0	1
beta_91	beta_91	lin	1e-06	100.0	1.0	1
beta_92	beta_92	lin	1e-06	100.0	1.0	1
beta_93	beta_93	lin	1e-06	100.0	1.0	1
beta_94	beta_94	lin	1e-06	100.0	1.0	1
beta_95	beta_95	lin	1e-06	100.0	1.0	1
beta_96	beta_96	lin	1e-06	100.0	1.0	1
beta_97	beta_97	lin	1e-06	100.0	1.0	1
beta_98	beta_98	lin	1e-06	100.0	1.0	1
beta_99	beta_99	lin	1e-06	100.0	1.0	1
beta_100	beta_100	lin	1e-06	100.0	1.0	1
gamma_1	gamma_1	lin	1e-06	100.0	1.0	1
gamma_2	gamma_2	lin	1e-06	100.0	1.0	1
gamma_3	gamma_3	lin	1e-06	100.0	1.0	1
gamma_4	gamma_4	lin	1e-06	100.0	1.0	1
gamma_5	gamma_5	lin	1e-06	100.0	1.0	1
gamma_6	gamma_6	lin	1e-06	100.0	1.0	1
gamma_7	gamma_7	lin	1e-06	100.0	1.0	1
gamma_8	gamma_8	lin	1e-06	100.0	1.0	1
gamma_9	gamma_9	lin	1e-06	100.0	1.0	1
gamma_10	gamma_10	lin	1e-06	100.0	1.0	1
gamma_11	gamma_11	lin	1e-06	100.0	1.0	1
gamma_12	gamma_12	lin	1e-06	100.0	1.0	1
gamma_13	gamma_13	lin	1e-06	100.0	1.0	1
gamma_14	gamma_14	lin	1e-06	100.0	1.0	1
gamma_15	gamma_15	lin	1e-06	100.0	1.0	1
gamma_16	gamma_16	lin	1e-06	100.0	1.0	1
gamma_17	gamma_17	lin	1e-06	100.0	1.0	1
gamma_18	gamma_18	lin	1e-06	100.0	1.0	1
gamma_19	gamma_19	lin	1e-06	100.0	1.0	1
gamma_20	gamma_20	lin	1e-06	100.0	1.0	1
gamma_21	gamma_21	lin	1e-06	100.0	1.0	1
gamma_22	gamma_22	lin	1e-06	100.0	1.0	1
gamma_23	gamma_23	lin	1e-06	100.0	1.0	1
gamma_24	gamma_24	lin	1e-06	100.0	1.0	1
gamma_25	gamma_25	lin	1e-06	100.0	1.0	1
gamma_26	gamma_26	lin	1e-06	100.0	1.0	1
gamma_27	gamma_27	lin	1e-06	100.0	1.0	1
gamma_28	gamma_28	lin	1e-06	100.0	1.0	1
gamma_29	gamma_29	lin	1e-06	100.0	1.0	1
gamma_30	gamma_30	lin	1e-06	100.0	1.0	1
gamma_31	gamma_31	lin	1e-06	100.0	1.0	1
gamma_32	gamma_32	lin	1e-06	100.0	1.0	1
gamma_33	gamma_33	lin	1e-06	100.0	1.0	1
gamma_34	gamma_34	lin	1e-06	100.0	1.0	1
gamma_35	gamma_35	lin	1e-06	100.0	1.0	1
gamma_36	gamma_36	lin	1e-06	100.0	1.0	1
gamma_37	gamma_37	lin	1e-06	100.0	1.0	1
gamma_38	gamma_38	lin	1e-06	100.0	1.0	1
gamma_39	gamma_39	lin	1e-06	100.0	1.0	1
gamma_40	gamma_40	lin	1e-06	100.0	1.0	1
gamma_41	gamma_41	lin	1e-06	100.0	1.0	1
gamma_42	gamma_42	lin	1e-06	100.0	1.0	1
gamma_43	gamma_43	lin	1e-06	100.0	1.0	1
gamma_44	gamma_44	lin	1e-06	100.0	1.0	1
gamma_45	gamma_45	lin	1e-06	100.0	1.0	1
gamma_46	gamma_46	lin	1e-06	100.0	1.0	1
gamma_47	gamma_47	lin	1e-06	100.0	1.0	1
gamma_48	gamma_48	lin	1e-06	100.0	1.0	1
gamma_49	gamma_49	lin	1e-06	100.0	1.0	1
gamma_50	gamma_50	lin	1e-06	100.0	1.0	1
gamma_51	gamma_51	lin	1e-06	100.0	1.0	1
gamma_52	gamma_52	lin	1e-06	100.0	1.0	1
gamma_53	gamma_53	lin	1e-06	100.0	1.0	1
gamma_54	gamma_54	lin	1e-06	100.0	1.0	1
gamma_55	gamma_55	lin	1e-06	100.0	1.0	1
gamma_56	gamma_56	lin	1e-06	100.0	1.0	1
gamma_57	gamma_57	lin	1e-06	100.0	1.0	1
gamma_58	gamma_58	lin	1e-06	100.0	1.0	1
gamma_59	gamma_59	lin	1e-06	100.0	1.0	1
gamma_60	gamma_60	lin	1e-06	100.0	1.0	1
gamma_61	gamma_61	lin	1e-06	100.0	1.0	1
gamma_62	gamma_62	lin	1e-06	100.0	1.0	1
gamma_63	gamma_63	lin	1e-06	100.0	1.0	1
gamma_64	gamma_64	lin	1e-06	100.0	1.0	1
gamma_65	gamma_65	lin	1e-06	100.0	1.0	1
gamma_66	gamma_66	lin	1e-06	100.0	1.0	1
gamma_67	gamma_67	lin	1e-06	100.0	1.0	1
gamma_68	gamma_68	lin	1e-06	100.0	1.0	1
gamma_69	gamma_69	lin	1e-06	100.0	1.0	1
gamma_70	gamma_70	lin	1e-06	100.0	1.0	1
gamma_71	gamma_71	lin	1e-06	100.0	1.0	1
gamma_72	gamma_72	lin	1e-06	100.0	1.0	1
gamma_73	gamma_73	lin	1e-06	100.0	1.0	1
gamma_74	gamma_74	lin	1e-06	100.0	1.0	1
gamma_75	gamma_75	lin	1e-06	100.0	1.0	1
gamma_76	gamma_76	lin	1e-06	100.0	1.0	1
gamma_77	gamma_77	lin	1e-06	100.0	1.0	1
gamma_78	gamma_78	lin	1e-06	100.0	1.0	1
gamma_79	gamma_79	lin	1e-06	100.0	1.0	1
gamma_80	gamma_80	lin	1e-06	100.0	1.0	1
gamma_81	gamma_81	lin	1e-06	100.0	1.0	1
gamma_82	gamma_82	lin	1e-06	100.0	1.0	1
gamma_83	gamma_83	lin	1e-06	100.0	1.0	1
gamma_84	gamma_84	lin	1e-06	100.0	1.0	1
gamma_85	gamma_85	lin	1e-06	100.0	1.0	1
gamma_86	gamma_86	lin	1e-06	100.0	1.0	1
gamma_87	gamma_87	lin	1e-06	100.0	1.0	1
gamma_88	gamma_88	lin	1e-06	100.0	1.0	1
gamma_89	gamma_89	lin	1e-06	100.0	1.0	1
gamma_90	gamma_90	lin	1e-06	100.0	1.0	1
gamma_91	gamma_91	lin	1e-06	100.0	1.0	1
gamma_92	gamma_92	lin	1e-06	100.0	1.0	1
gamma_93	gamma_93	lin	1e-06	100.0	1.0	1
gamma_94	gamma_94	lin	1e-06	100.0	1.0	1
gamma_95	gamma_95	lin	1e-06	100.0	1.0	1
gamma_96	gamma_96	lin	1e-06	100.0	1.0	1
gamma_97	gamma_97	lin	1e-06	100.0	1.0	1
gamma_98	gamma_98	lin	1e-06	100.0	1.0	1
gamma_99	gamma_99	lin	1e-06	100.0	1.0	1
gamma_100	gamma_100	lin	1e-06	100.0	1.0	1
k_1	k_1	lin	1e-06	100.0	1.0	1
k_2	k_2	lin	1e-06	100.0	1.0	1
k_3	k_3	lin	1e-06	100.0	1.0	1
k_4	k_4	lin	1e-06	100.0	1.0	1
k_5	k_5	lin	1e-06	100.0	1.0	1
k_6	k_6	lin	1e-06	100.0	1.0	1
k_7	k_7	lin	1e-06	100.0	1.0	1
k_8	k_8	lin	1e-06	100.0	1.0	1
k_9	k_9	lin	1e-06	100.0	1.0	1
k_10	k_10	lin	1e-06	100.0	1.0	1
k_11	k_11	lin	1e-06	100.0	1.0	1
k_12	k_12	lin	1e-06	100.0	1.0	1
k_13	k_13	lin	1e-06	100.0	1.0	1
k_14	k_14	lin	1e-06	100.0	1.0	1
k_15	k_15	lin	1e-06	100.0	1.0	1
k_16	k_16	lin	1e-06	100.0	1.0	1
k_17	k_17	lin	1e-06	100.0	1.0	1
k_18	k_18	lin	1e-06	100.0	1.0	1
k_19	k_19	lin	1e-06	100.0	1.0	1
k_20	k_20	lin	1e-06	100.0	1.0	1
k_21	k_21	lin	1e-06	100.0	1.0	1
k_22	k_22	lin	1e-06	100.0	1.0	1
k_23	k_23	lin	1e-06	100.0	1.0	1
k_24	k_24	lin	1e-06	100.0	1.0	1
k_25	k_25	lin	1e-06	100.0	1.0	1
k_26	k_26	lin	1e-06	100.0	1.0	1
k_27	k_27	lin	1e-06	100.0	1.0	1
k_28	k_28	lin	1e-06	100.0	1.0	1
k_29	k_29	lin	1e-06	100.0	1.0	1
k_30	k_30	lin	1e-06	100.0	1.0	1
k_31	k_31	lin	1e-06	100.0	1.0	1
k_32	k_32	lin	1e-06	100.0	1.0	1
k_33	k_33	lin	1e-06	100.0	1.0	1
k_34	k_34	lin	1e-06	100.0	1.0	1
k_35	k_35	lin	1e-06	100.0	1.0	1
k_36	k_36	lin	1e-06	100.0	1.0	1
k_37	k_37	lin	1e-06	100.0	1.0	1
k_38	k_38	lin	1e-06	100.0	1.0	1
k_39	k_39	lin	1e-06	100.0	1.0	1
k_40	k_40	lin	1e-06	100.0	1.0	1
k_41	k_41	lin	1e-06	100.0	1.0	1
k_42	k_42	lin	1e-06	100.0	1.0	1
k_43	k_43	lin	1e-06	100.0	1.0	1
k_44	k_44	lin	1e-06	100.0	1.0	1
k_45	k_45	lin	1e-06	100.0	1.0	1
k_46	k_46	lin	1e-06	100.0	1.0	1
k_47	k_47	lin	1e-06	100.0	1.0	1
k_48	k_48	lin	1e-06	100.0	1.0	1
k_49	k_49	lin	1e-06	100.0	1.0	1
k_50	k_50	lin	1e-06	100.0	1.0	1
k_51	k_51	lin	1e-06	100.0	1.0	1
k_52	k_52	lin	1e-06	100.0	1.0	1
k_53	k_53	lin	1e-06	100.0	1.0	1
k_54	k_54	lin	1e-06	100.0	1.0	1
k_55	k_55	lin	1e-06	100.0	1.0	1
k_56	k_56	lin	1e-06	100.0	1.0	1
k_57	k_57	lin	1e-06	100.0	1.0	1
k_58	k_58	lin	1e-06	100.0	1.0	1
k_59	k_59	lin	1e-06	100.0	1.0	1
k_60	k_60	lin	1e-06	100.0	1.0	1
k_61	k_61	lin	1e-06	100.0	1.0	1
k_62	k_62	lin	1e-06	100.0	1.0	1
k_63	k_63	lin	1e-06	100.0	1.0	1
k_64	k_64	lin	1e-06	100.0	1.0	1
k_65	k_65	lin	1e-06	100.0	1.0	1
k_66	k_66	lin	1e-06	100.0	1.0	1
k_67	k_67	lin	1e-06	100.0	1.0	1
k_68	k_68	lin	1e-06	100.0	1.0	1
k_69	k_69	lin	1e-06	100.0	1.0	1
k_70	k_70	lin	1e-06	100.0	1.0	1
k_71	k_71	lin	1e-06	100.0	1.0	1
k_72	k_72	lin	1e-06	100.0	1.0	1
k_73	k_73	lin	1e-06	100.0	1.0	1
k_74	k_74	lin	1e-06	100.0	1.0	1
k_75	k_75	lin	1e-06	100.0	1.0	1
k_76	k_76	lin	1e-06	100.0	1.0	1
k_77	k_77	lin	1e-06	100.0	1.0	1
k_78	k_78	lin	1e-06	100.0	1.0	1
k_79	k_79	lin	1e-06	100.0	1.0	1
k_80	k_80	lin	1e-06	100.0	1.0	1
k_81	k_81	lin	1e-06	100.0	1.0	1
k_82	k_82	lin	1e-06	100.0	1.0	1
k_83	k_83	lin	1e-06	100.0	1.0	1
k_84	k_84	lin	1e-06	100.0	1.0	1
k_85	k_85	lin	1e-06	100.0	1.0	1
k_86	k_86	lin	1e-06	100.0	1.0	1
k_87	k_87	lin	1e-06	100.0	1.0	1
k_88	k_88	lin	1e-06	100.0	1.0	1
k_89	k_89	lin	1e-06	100.0	1.0	1
k_90	k_90	lin	1e-06	100.0	1.0	1
k_91	k_91	lin	1e-06	100.0	1.0	1
k_92	k_92	lin	1e-06	100.0	1.0	1
k_93	k_93	lin	1e-06	100.0	1.0	1
k_94	k_94	lin	1e-06	100.0	1.0	1
k_95	k_95	lin	1e-06	100.0	1.0	1
k_96	k_96	lin	1e-06	100.0	1.0	1
k_97	k_97	lin	1e-06	100.0	1.0	1
k_98	k_98	lin	1e-06	100.0	1.0	1
k_99	k_99	lin	1e-06	100.0	1.0	1
k_100	k_100	lin	1e-06	100.0	1.0	1
delta_1	delta_1	lin	1e-06	100.0	1.0	1
delta_2	delta_2	lin	1e-06	100.0	1.0	1
delta_3	delta_3	lin	1e-06	100.0	1.0	1
delta_4	delta_4	lin	1e-06	100.0	1.0	1
delta_5	delta_5	lin	1e-06	100.0	1.0	1
delta_6	delta_6	lin	1e-06	100.0	1.0	1
delta_7	delta_7	lin	1e-06	100.0	1.0	1
delta_8	delta_8	lin	1e-06	100.0	1.0	1
delta_9	delta_9	lin	1e-06	100.0	1.0	1
delta_10	delta_10	lin	1e-06	100.0	1.0	1
delta_11	delta_11	lin	1e-06	100.0	1.0	1
delta_12	delta_12	lin	1e-06	100.0	1.0	1
delta_13	delta_13	lin	1e-06	100.0	1.0	1
delta_14	delta_14	lin	1e-06	100.0	1.0	1
delta_15	delta_15	lin	1e-06	100.0	1.0	1
delta_16	delta_16	lin	1e-06	100.0	1.0	1
delta_17	delta_17	lin	1e-06	100.0	1.0	1
delta_18	delta_18	lin	1e-06	100.0	1.0	1
delta_19	delta_19	lin	1e-06	100.0	1.0	1
delta_20	delta_20	lin	1e-06	100.0	1.0	1
delta_21	delta_21	lin	1e-06	100.0	1.0	1
delta_22	delta_22	lin	1e-06	100.0	1.0	1
delta_23	delta_23	lin	1e-06	100.0	1.0	1
delta_24	delta_24	lin	1e-06	100.0	1.0	1
delta_25	delta_25	lin	1e-06	100.0	1.0	1
delta_26	delta_26	lin	1e-06	100.0	1.0	1
delta_27	delta_27	lin	1e-06	100.0	1.0	1
delta_28	delta_28	lin	1e-06	100.0	1.0	1
delta_29	delta_29	lin	1e-06	100.0	1.0	1
delta_30	delta_30	lin	1e-06	100.0	1.0	1
delta_31	delta_31	lin	1e-06	100.0	1.0	1
delta_32	delta_32	lin	1e-06	100.0	1.0	1
delta_33	delta_33	lin	1e-06	100.0	1.0	1
delta_34	delta_34	lin	1e-06	100.0	1.0	1
delta_35	delta_35	lin	1e-06	100.0	1.0	1
delta_36	delta_36	lin	1e-06	100.0	1.0	1
delta_37	delta_37	lin	1e-06	100.0	1.0	1
delta_38	delta_38	lin	1e-06	100.0	1.0	1
delta_39	delta_39	lin	1e-06	100.0	1.0	1
delta_40	delta_40	lin	1e-06	100.0	1.0	1
delta_41	delta_41	lin	1e-06	100.0	1.0	1
delta_42	delta_42	lin	1e-06	100.0	1.0	1
delta_43	delta_43	lin	1e-06	100.0	1.0	1
delta_44	delta_44	lin	1e-06	100.0	1.0	1
delta_45	delta_45	lin	1e-06	100.0	1.0	1
delta_46	delta_46	lin	1e-06	100.0	1.0	1
delta_47	delta_47	lin	1e-06	100.0	1.0	1
delta_48	delta_48	lin	1e-06	100.0	1.0	1
delta_49	delta_49	lin	1e-06	100.0	1.0	1
delta_50	delta_50	lin	1e-06	100.0	1.0	1
delta_51	delta_51	lin	1e-06	100.0	1.0	1
delta_52	delta_52	lin	1e-06	100.0	1.0	1
delta_53	delta_53	lin	1e-06	100.0	1.0	1
delta_54	delta_54	lin	1e-06	100.0	1.0	1
delta_55	delta_55	lin	1e-06	100.0	1.0	1
delta_56	delta_56	lin	1e-06	100.0	1.0	1
delta_57	delta_57	lin	1e-06	100.0	1.0	1
delta_58	delta_58	lin	1e-06	100.0	1.0	1
delta_59	delta_59	lin	1e-06	100.0	1.0	1
delta_60	delta_60	lin	1e-06	100.0	1.0	1
delta_61	delta_61	lin	1e-06	100.0	1.0	1
delta_62	delta_62	lin	1e-06	100.0	1.0	1
delta_63	delta_63	lin	1e-06	100.0	1.0	1
delta_64	delta_64	lin	1e-06	100.0	1.0	1
delta_65	delta_65	lin	1e-06	100.0	1.0	1
delta_66	delta_66	lin	1e-06	100.0	1.0	1
delta_67	delta_67	lin	1e-06	100.0	1.0	1
delta_68	delta_68	lin	1e-06	100.0	1.0	1
delta_69	delta_69	lin	1e-06	100.0	1.0	1
delta_70	delta_70	lin	1e-06	100.0	1.0	1
delta_71	delta_71	lin	1e-06	100.0	1.0	1
delta_72	delta_72	lin	1e-06	100.0	1.0	1
delta_73	delta_73	lin	1e-06	100.0	1.0	1
delta_74	delta_74	lin	1e-06	100.0	1.0	1
delta_75	delta_75	lin	1e-06	100.0	1.0	1
delta_76	delta_76	lin	1e-06	100.0	1.0	1
delta_77	delta_77	lin	1e-06	100.0	1.0	1
delta_78	delta_78	lin	1e-06	100.0	1.0	1
delta_79	delta_79	lin	1e-06	100.0	1.0	1
delta_80	delta_80	lin	1e-06	100.0	1.0	1
delta_81	delta_81	lin	1e-06	100.0	1.0	1
delta_82	delta_82	lin	1e-06	100.0	1.0	1
delta_83	delta_83	lin	1e-06	100.0	1.0	1
delta_84	delta_84	lin	1e-06	100.0	1.0	1
delta_85	delta_85	lin	1e-06	100.0	1.0	1
delta_86	delta_86	lin	1e-06	100.0	1.0	1
delta_87	delta_87	lin	1e-06	100.0	1.0	1
delta_88	delta_88	lin	1e-06	100.0	1.0	1
delta_89	delta_89	lin	1e-06	100.0	1.0	1
delta_90	delta_90	lin	1e-06	100.0	1.0	1
delta_91	delta_91	lin	1e-06	100.0	1.0	1
delta_92	delta_92	lin	1e-06	100.0	1.0	1
delta_93	delta_93	lin	1e-06	100.0	1.0	1
delta_94	delta_94	lin	1e-06	100.0	1.0	1
delta_95	delta_95	lin	1e-06	100.0	1.0	1
delta_96	delta_96	lin	1e-06	100.0	1.0	1
delta_97	delta_97	lin	1e-06	100.0	1.0	1
delta_98	delta_98	lin	1e-06	100.0	1.0	1
delta_99	delta_99	lin	1e-06	100.0	1.0	1
delta_100	delta_100	lin	1e-06	100.0	1.0	1
alpha0_1	alpha0_1	lin	1e-06	100.0	1.0	1
alpha0_2	alpha0_2	lin	1e-06	100.0	1.0	1
alpha0_3	alpha0_3	lin	1e-06	100.0	1.0	1
alpha0_4	alpha0_4	lin	1e-06	100.0	1.0	1
alpha0_5	alpha0_5	lin	1e-06	100.0	1.0	1
alpha0_6	alpha0_6	lin	1e-06	100.0	1.0	1
alpha0_7	alpha0_7	lin	1e-06	100.0	1.0	1
alpha0_8	alpha0_8	lin	1e-06	100.0	1.0	1
alpha0_9	alpha0_9	lin	1e-06	100.0	1.0	1
alpha0_10	alpha0_10	lin	1e-06	100.0	1.0	1
alpha0_11	alpha0_11	lin	1e-06	100.0	1.0	1
alpha0_12	alpha0_12	lin	1e-06	100.0	1.0	1
alpha0_13	alpha0_13	lin	1e-06	100.0	1.0	1
alpha0_14	alpha0_14	lin	1e-06	100.0	1.0	1
alpha0_15	alpha0_15	lin	1e-06	100.0	1.0	1
alpha0_16	alpha0_16	lin	1e-06	100.0	1.0	1
alpha0_17	alpha0_17	lin	1e-06	100.0	1.0	1
alpha0_18	alpha0_18	lin	1e-06	100.0	1.0	1
alpha0_19	alpha0_19	lin	1e-06	100.0	1.0	1
alpha0_20	alpha0_20	lin	1e-06	100.0	1.0	1
alpha0_21	alpha0_21	lin	1e-06	100.0	1.0	1
alpha0_22	alpha0_22	lin	1e-06	100.0	1.0	1
alpha0_23	alpha0_23	lin	1e-06	100.0	1.0	1
alpha0_24	alpha0_24	lin	1e-06	100.0	1.0	1
alpha0_25	alpha0_25	lin	1e-06	100.0	1.0	1
alpha0_26	alpha0_26	lin	1e-06	100.0	1.0	1
alpha0_27	alpha0_27	lin	1e-06	100.0	1.0	1
alpha0_28	alpha0_28	lin	1e-06	100.0	1.0	1
alpha0_29	alpha0_29	lin	1e-06	100.0	1.0	1
alpha0_30	alpha0_30	lin	1e-06	100.0	1.0	1
alpha0_31	alpha0_31	lin	1e-06	100.0	1.0	1
alpha0_32	alpha0_32	lin	1e-06	100.0	1.0	1
alpha0_33	alpha0_33	lin	1e-06	100.0	1.0	1
alpha0_34	alpha0_34	lin	1e-06	100.0	1.0	1
alpha0_35	alpha0_35	lin	1e-06	100.0	1.0	1
alpha0_36	alpha0_36	lin	1e-06	100.0	1.0	1
alpha0_37	alpha0_37	lin	1e-06	100.0	1.0	1
alpha0_38	alpha0_38	lin	1e-06	100.0	1.0	1
alpha0_39	alpha0_39	lin	1e-06	100.0	1.0	1
alpha0_40	alpha0_40	lin	1e-06	100.0	1.0	1
alpha0_41	alpha0_41	lin	1e-06	100.0	1.0	1
alpha0_42	alpha0_42	lin	1e-06	100.0	1.0	1
alpha0_43	alpha0_43	lin	1e-06	100.0	1.0	1
alpha0_44	alpha0_44	lin	1e-06	100.0	1.0	1
alpha0_45	alpha0_45	lin	1e-06	100.0	1.0	1
alpha0_46	alpha0_46	lin	1e-06	100.0	1.0	1
alpha0_47	alpha0_47	lin	1e-06	100.0	1.0	1
alpha0_48	alpha0_48	lin	1e-06	100.0	1.0	1
alpha0_49	alpha0_49	lin	1e-06	100.0	1.0	1
alpha0_50	alpha0_50	lin	1e-06	100.0	1.0	1
alpha0_51	alpha0_51	lin	1e-06	100.0	1.0	1
alpha0_52	alpha0_52	lin	1e-06	100.0	1.0	1
alpha0_53	alpha0_53	lin	1e-06	100.0	1.0	1
alpha0_54	alpha0_54	lin	1e-06	100.0	1.0	1
alpha0_55	alpha0_55	lin	1e-06	100.0	1.0	1
alpha0_56	alpha0_56	lin	1e-06	100.0	1.0	1
alpha0_57	alpha0_57	lin	1e-06	100.0	1.0	1
alpha0_58	alpha0_58	lin	1e-06	100.0	1.0	1
alpha0_59	alpha0_59	lin	1e-06	100.0	1.0	1
alpha0_60	alpha0_60	lin	1e-06	100.0	1.0	1
alpha0_61	alpha0_61	lin	1e-06	100.0	1.0	1
alpha0_62	alpha0_62	lin	1e-06	100.0	1.0	1
alpha0_63	alpha0_63	lin	1e-06	100.0	1.0	1
alpha0_64	alpha0_64	lin	1e-06	100.0	1.0	1
alpha0_65	alpha0_65	lin	1e-06	100.0	1.0	1
alpha0_66	alpha0_66	lin	1e-06	100.0	1.0	1
alpha0_67	alpha0_67	lin	1e-06	100.0	1.0	1
alpha0_68	alpha0_68	lin	1e-06	100.0	1.0	1
alpha0_69	alpha0_69	lin	1e-06	100.0	1.0	1
alpha0_70	alpha0_70	lin	1e-06	100.0	1.0	1
alpha0_71	alpha0_71	lin	1e-06	100.0	1.0	1
alpha0_72	alpha0_72	lin	1e-06	100.0	1.0	1
alpha0_73	alpha0_73	lin	1e-06	100.0	1.0	1
alpha0_74	alpha0_74	lin	1e-06	100.0	1.0	1
alpha0_75	alpha0_75	lin	1e-06	100.0	1.0	1
alpha0_76	alpha0_76	lin	1e-06	100.0	1.0	1
alpha0_77	alpha0_77	lin	1e-06	100.0	1.0	1
alpha0_78	alpha0_78	lin	1e-06	100.0	1.0	1
alpha0_79	alpha0_79	lin	1e-06	100.0	1.0	1
alpha0_80	alpha0_80	lin	1e-06	100.0	1.0	1
alpha0_81	alpha0_81	lin	1e-06	100.0	1.0	1
alpha0_82	alpha0_82	lin	1e-06	100.0	1.0	1
alpha0_83	alpha0_83	lin	1e-06	100.0	1.0	1
alpha0_84	alpha0_84	lin	1e-06	100.0	1.0	1
alpha0_85	alpha0_85	lin	1e-06	100.0	1.0	1
alpha0_86	alpha0_86	lin	1e-06	100.0	1.0	1
alpha0_87	alpha0_87	lin	1e-06	100.0	1.0	1
alpha0_88	alpha0_88	lin	1e-06	100.0	1.0	1
alpha0_89	alpha0_89	lin	1e-06	100.0	1.0	1
alpha0_90	alpha0_90	lin	1e-06	100.0	1.0	1
alpha0_91	alpha0_91	lin	1e-06	100.0	1.0	1
alpha0_92	alpha0_92	lin	1e-06	100.0	1.0	1
alpha0_93	alpha0_93	lin	1e-06	100.0	1.0	1
alpha0_94	alpha0_94	lin	1e-06	100.0	1.0	1
alpha0_95	alpha0_95	lin	1e-06	100.0	1.0	1
alpha0_96	alpha0_96	lin	1e-06	100.0	1.0	1
alpha0_97	alpha0_97	lin	1e-06	100.0	1.0	1
alpha0_98	alpha0_98	lin	1e-06	100.0	1.0	1
alpha0_99	alpha0_99	lin	1e-06	100.0	1.0	1
alpha0_100	alpha0_100	lin	1e-06	100.0	1.0	1
m0_1	m0_1	lin	1e-06	100.0	1.0	1
m0_2	m0_2	lin	1e-06	100.0	1.0	1
m0_3	m0_3	lin	1e-06	100.0	1.0	1
m0_4	m0_4	lin	1e-06	100.0	1.0	1
m0_5	m0_5	lin	1e-06	100.0	1.0	1
m0_6	m0_6	lin	1e-06	100.0	1.0	1
m0_7	m0_7	lin	1e-06	100.0	1.0	1
m0_8	m0_8	lin	1e-06	100.0	1.0	1
m0_9	m0_9	lin	1e-06	100.0	1.0	1
m0_10	m0_10	lin	1e-06	100.0	1.0	1
m0_11	m0_11	lin	1e-06	100.0	1.0	1
m0_12	m0_12	lin	1e-06	100.0	1.0	1
m0_13	m0_13	lin	1e-06	100.0	1.0	1
m0_14	m0_14	lin	1e-06	100.0	1.0	1
m0_15	m0_15	lin	1e-06	100.0	1.0	1
m0_16	m0_16	lin	1e-06	100.0	1.0	1
m0_17	m0_17	lin	1e-06	100.0	1.0	1
m0_18	m0_18	lin	1e-06	100.0	1.0	1
m0_19	m0_19	lin	1e-06	100.0	1.0	1
m0_20	m0_20	lin	1e-06	100.0	1.0	1
m0_21	m0_21	lin	1e-06	100.0	1.0	1
m0_22	m0_22	lin	1e-06	100.0	1.0	1
m0_23	m0_23	lin	1e-06	100.0	1.0	1
m0_24	m0_24	lin	1e-06	100.0	1.0	1
m0_25	m0_25	lin	1e-06	100.0	1.0	1
m0_26	m0_26	lin	1e-06	100.0	1.0	1
m0_27	m0_27	lin	1e-06	100.0	1.0	1
m0_28	m0_28	lin	1e-06	100.0	1.0	1
m0_29	m0_29	lin	1e-06	100.0	1.0	1
m0_30	m0_30	lin	1e-06	100.0	1.0	1
m0_31	m0_31	lin	1e-06	100.0	1.0	1
m0_32	m0_32	lin	1e-06	100.0	1.0	1
m0_33	m0_33	lin	1e-06	100.0	1.0	1
m0_34	m0_34	lin	1e-06	100.0	1.0	1
m0_35	m0_35	lin	1e-06	100.0	1.0	1
m0_36	m0_36	lin	1e-06	100.0	1.0	1
m0_37	m0_37	lin	1e-06	100.0	1.0	1
m0_38	m0_38	lin	1e-06	100.0	1.0	1
m0_39	m0_39	lin	1e-06	100.0	1.0	1
m0_40	m0_40	lin	1e-06	100.0	1.0	1
m0_41	m0_41	lin	1e-06	100.0	1.0	1
m0_42	m0_42	lin	1e-06	100.0	1.0	1
m0_43	m0_43	lin	1e-06	100.0	1.0	1
m0_44	m0_44	lin	1e-06	100.0	1.0	1
m0_45	m0_45	lin	1e-06	100.0	1.0	1
m0_46	m0_46	lin	1e-06	100.0	1.0	1
m0_47	m0_47	lin	1e-06	100.0	1.0	1
m0_48	m0_48	lin	1e-06	100.0	1.0	1
m0_49	m0_49	lin	1e-06	100.0	1.0	1
m0_50	m0_50	lin	1e-06	100.0	1.0	1
m0_51	m0_51	lin	1e-06	100.0	1.0	1
m0_52	m0_52	lin	1e-06	100.0	1.0	1
m0_53	m0_53	lin	1e-06	100.0	1.0	1
m0_54	m0_54	lin	1e-06	100.0	1.0	1
m0_55	m0_55	lin	1e-06	100.0	1.0	1
m0_56	m0_56	lin	1e-06	100.0	1.0	1
m0_57	m0_57	lin	1e-06	100.0	1.0	1
m0_58	m0_58	lin	1e-06	100.0	1.0	1
m0_59	m0_59	lin	1e-06	100.0	1.0	1
m0_60	m0_60	lin	1e-06	100.0	1.0	1
m0_61	m0_61	lin	1e-06	100.0	1.0	1
m0_62	m0_62	lin	1e-06	100.0	1.0	1
m0_63	m0_63	lin	1e-06	100.0	1.0	1
m0_64	m0_64	lin	1e-06	100.0	1.0	1
m0_65	m0_65	lin	1e-06	100.0	1.0	1
m0_66	m0_66	lin	1e-06	100.0	1.0	1
m0_67	m0_67	lin	1e-06	100.0	1.0	1
m0_68	m0_68	lin	1e-06	100.0	1.0	1
m0_69	m0_69	lin	1e-06	100.0	1.0	1
m0_70	m0_70	lin	1e-06	100.0	1.0	1
m0_71	m0_71	lin	1e-06	100.0	1.0	1
m0_72	m0_72	lin	1e-06	100.0	1.0	1
m0_73	m0_73	lin	1e-06	100.0	1.0	1
m0_74	m0_74	lin	1e-06	100.0	1.0	1
m0_75	m0_75	lin	1e-06	100.0	1.0	1
m0_76	m0_76	lin	1e-06	100.0	1.0	1
m0_77	m0_77	lin	1e-06	100.0	1.0	1
m0_78	m0_78	lin	1e-06	100.0	1.0	1
m0_79	m0_79	lin	1e-06	100.0	1.0	1
m0_80	m0_80	lin	1e-06	100.0	1.0	1
m0_81	m0_81	lin	1e-06	100.0	1.0	1
m0_82	m0_82	lin	1e-06	100.0	1.0	1
m0_83	m0_83	lin	1e-06	100.0	1.0	1
m0_84	m0_84	lin	1e-06	100.0	1.0	1
m0_85	m0_85	lin	1e-06	100.0	1.0	1
m0_86	m0_86	lin	1e-06	100.0	1.0	1
m0_87	m0_87	lin	1e-06	100.0	1.0	1
m0_88	m0_88	lin	1e-06	100.0	1.0	1
m0_89	m0_89	lin	1e-06	100.0	1.0	1
m0_90	m0_90	lin	1e-06	100.0	1.0	1
m0_91	m0_91	lin	1e-06	100.0	1.0	1
m0_92	m0_92	lin	1e-06	100.0	1.0	1
m0_93	m0_93	lin	1e-06	100.0	1.0	1
m0_94	m0_94	lin	1e-06	100.0	1.0	1
m0_95	m0_95	lin	1e-06	100.0	1.0	1
m0_96	m0_96	lin	1e-06	100.0	1.0	1
m0_97	m0_97	lin	1e-06	100.0	1.0	1
m0_98	m0_98	lin	1e-06	100.0	1.0	1
m0_99	m0_99	lin	1e-06	100.0	1.0	1
m0_100	m0_100	lin	1e-06	100.0	1.0	1
p0_1	p0_1	lin	1e-06	100.0	1.0	1
p0_2	p0_2	lin	1e-06	100.0	1.0	1
p0_3	p0_3	lin	1e-06	100.0	1.0	1
p0_4	p0_4	lin	1e-06	100.0	1.0	1
p0_5	p0_5	lin	1e-06	100.0	1.0	1
p0_6	p0_6	lin	1e-06	100.0	1.0	1
p0_7	p0_7	lin	1e-06	100.0	1.0	1
p0_8	p0_8	lin	1e-06	100.0	1.0	1
p0_9	p0_9	lin	1e-06	100.0	1.0	1
p0_10	p0_10	lin	1e-06	100.0	1.0	1
p0_11	p0_11	lin	1e-06	100.0	1.0	1
p0_12	p0_12	lin	1e-06	100.0	1.0	1
p0_13	p0_13	lin	1e-06	100.0	1.0	1
p0_14	p0_14	lin	1e-06	100.0	1.0	1
p0_15	p0_15	lin	1e-06	100.0	1.0	1
p0_16	p0_16	lin	1e-06	100.0	1.0	1
p0_17	p0_17	lin	1e-06	100.0	1.0	1
p0_18	p0_18	lin	1e-06	100.0	1.0	1
p0_19	p0_19	lin	1e-06	100.0	1.0	1
p0_20	p0_20	lin	1e-06	100.0	1.0	1
p0_21	p0_21	lin	1e-06	100.0	1.0	1
p0_22	p0_22	lin	1e-06	100.0	1.0	1
p0_23	p0_23	lin	1e-06	100.0	1.0	1
p0_24	p0_24	lin	1e-06	100.0	1.0	1
p0_25	p0_25	lin	1e-06	100.0	1.0	1
p0_26	p0_26	lin	1e-06	100.0	1.0	1
p0_27	p0_27	lin	1e-06	100.0	1.0	1
p0_28	p0_28	lin	1e-06	100.0	1.0	1
p0_29	p0_29	lin	1e-06	100.0	1.0	1
p0_30	p0_30	lin	1e-06	100.0	1.0	1
p0_31	p0_31	lin	1e-06	100.0	1.0	1
p0_32	p0_32	lin	1e-06	100.0	1.0	1
p0_33	p0_33	lin	1e-06	100.0	1.0	1
p0_34	p0_34	lin	1e-06	100.0	1.0	1
p0_35	p0_35	lin	1e-06	100.0	1.0	1
p0_36	p0_36	lin	1e-06	100.0	1.0	1
p0_37	p0_37	lin	1e-06	100.0	1.0	1
p0_38	p0_38	lin	1e-06	100.0	1.0	1
p0_39	p0_39	lin	1e-06	100.0	1.0	1
p0_40	p0_40	lin	1e-06	100.0	1.0	1
p0_41	p0_41	lin	1e-06	100.0	1.0	1
p0_42	p0_42	lin	1e-06	100.0	1.0	1
p0_43	p0_43	lin	1e-06	100.0	1.0	1
p0_44	p0_44	lin	1e-06	100.0	1.0	1
p0_45	p0_45	lin	1e-06	100.0	1.0	1
p0_46	p0_46	lin	1e-06	100.0	1.0	1
p0_47	p0_47	lin	1e-06	100.0	1.0	1
p0_48	p0_48	lin	1e-06	100.0	1.0	1
p0_49	p0_49	lin	1e-06	100.0	1.0	1
p0_50	p0_50	lin	1e-06	100.0	1.0	1
p0_51	p0_51	lin	1e-06	100.0	1.0	1
p0_52	p0_52	lin	1e-06	100.0	1.0	1
p0_53	p0_53	lin	1e-06	100.0	1.0	1
p0_54	p0_54	lin	1e-06	100.0	1.0	1
p0_55	p0_55	lin	1e-06	100.0	1.0	1
p0_56	p0_56	lin	1e-06	100.0	1.0	1
p0_57	p0_57	lin	1e-06	100.0	1.0	1
p0_58	p0_58	lin	1e-06	100.0	1.0	1
p0_59	p0_59	lin	1e-06	100.0	1.0	1
p0_60	p0_60	lin	1e-06	100.0	1.0	1
p0_61	p0_61	lin	1e-06	100.0	1.0	1
p0_62	p0_62	lin	1e-06	100.0	1.0	1
p0_63	p0_63	lin	1e-06	100.0	1.0	1
p0_64	p0_64	lin	1e-06	100.0	1.0	1
p0_65	p0_65	lin	1e-06	100.0	1.0	1
p0_66	p0_66	lin	1e-06	100.0	1.0	1
p0_67	p0_67	lin	1e-06	100.0	1.0	1
p0_68	p0_68	lin	1e-06	100.0	1.0	1
p0_69	p0_69	lin	1e-06	100.0	1.0	1
p0_70	p0_70	lin	1e-06	100.0	1.0	1
p0_71	p0_71	lin	1e-06	100.0	1.0	1
p0_72	p0_72	lin	1e-06	100.0	1.0	1
p0_73	p0_73	lin	1e-06	100.0	1.0	1
p0_74	p0_74	lin	1e-06	100.0	1.0	1
p0_75	p0_75	lin	1e-06	100.0	1.0	1
p0_76	p0_76	lin	1e-06	100.0	1.0	1
p0_77	p0_77	lin	1e-06	100.0	1.0	1
p0_78	p0_78	lin	1e-06	100.0	1.0	1
p0_79	p0_79	lin	1e-06	100.0	1.0	1
p0_80	p0_80	lin	1e-06	100.0	1.0	1
p0_81	p0_81	lin	1e-06	100.0	1.0	1
p0_82	p0_82	lin	1e-06	100.0	1.0	1
p0_83	p0_83	lin	1e-06	100.0	1.0	1
p0_84	p0_84	lin	1e-06	100.0	1.0	1
p0_85	p0_85	lin	1e-06	100.0	1.0	1
p0_86	p0_86	lin	1e-06	100.0	1.0	1
p0_87	p0_87	lin	1e-06	100.0	1.0	1
p0_88	p0_88	lin	1e-06	100.0	1.0	1
p0_89	p0_89	lin	1e-06	100.0	1.0	1
p0_90	p0_90	lin	1e-06	100.0	1.0	1
p0_91	p0_91	lin	1e-06	100.0	1.0	1
p0_92	p0_92	lin	1e-06	100.0	1.0	1
p0_93	p0_93	lin	1e-06	100.0	1.0	1
p0_94	p0_94	lin	1e-06	100.0	1.0	1
p0_95	p0_95	lin	1e-06	100.0	1.0	1
p0_96	p0_96	lin	1e-06	100.0	1.0	1
p0_97	p0_97	lin	1e-06	100.0	1.0	1
p0_98	p0_98	lin	1e-06	100.0	1.0	1
p0_99	p0_99	lin	1e-06	100.0	1.0	1
p0_100	p0_100	lin	1e-06	100.0	1.0	1
sigma_rel_medium	sigma_rel_medium	lin	1e-08	1.0	0.1	0
sigma_abs_medium	sigma_abs_medium	lin	1e-08	1000000.0	1.0	0
